column_name,pct_null,pct_placeholder,distinct_values
transit_district,97.42,0.0,12
cmplnt_to_dt,18.62,0.0,8824
housing_psa,5.38,87.26,4849
pd_cd,0.08,0.0,443
addr_pct_cd,0.01,0.0,78
cmplnt_fr_dt,0.01,0.0,10805
hadevelopt,0.0,99.65,39
parks_nm,0.0,99.56,1310
station_name,0.0,97.42,373
susp_age_group,0.0,63.64,293
susp_race,0.0,54.97,9
susp_sex,0.0,39.17,4
vic_race,0.0,32.79,9
vic_age_group,0.0,31.14,292
loc_of_occur_desc,0.0,20.65,6
cmplnt_to_tm,0.0,18.55,1441
prem_typ_desc,0.0,0.54,95
ofns_desc,0.0,0.19,75
boro_nm,0.0,0.1,6
pd_desc,0.0,0.08,434
patrol_boro,0.0,0.01,9
jurisdiction_code,0.0,0.0,28
y_coord_cd,0.0,0.0,73496
x_coord_cd,0.0,0.0,70909
cmplnt_num,0.0,0.0,10070401
juris_desc,0.0,0.0,28
law_cat_cd,0.0,0.0,3
latitude,0.0,0.0,168410
longitude,0.0,0.0,171282
crm_atpt_cptd_cd,0.0,0.0,3
ky_cd,0.0,0.0,75
rpt_dt,0.0,0.0,7305
cmplnt_fr_tm,0.0,0.0,1442
vic_sex,0.0,0.0,7
