juris_desc,n,pct
N.Y. POLICE DEPT,8955346,88.92
N.Y. HOUSING POLICE,734223,7.29
N.Y. TRANSIT POLICE,260463,2.59
PORT AUTHORITY,45364,0.45
OTHER,28373,0.28
DEPT OF CORRECTIONS,12359,0.12
POLICE DEPT NYC,8955,0.09
TRI-BORO BRDG TUNNL,6212,0.06
MTA POLICE DEPT,4533,0.05
HEALTH & HOSP CORP,4421,0.04
N.Y. STATE POLICE,2902,0.03
NYC PARKS,2023,0.02
METRO NORTH,1207,0.01
AMTRACK,733,0.01
LONG ISLAND RAILRD,606,0.01
NEW YORK CITY SHERIFF OFFICE,604,0.01
N.Y.C. DEPT OF HOMELESS SERVICES,567,0.01
N.Y. STATE PARKS,555,0.01
DISTRICT ATTORNEY OFFICE,523,0.01
FIRE DEPT (FIRE MARSHAL),477,0.0
STATN IS RAPID TRANS,465,0.0
U.S. PARK POLICE,339,0.0
NYS DEPT TAX AND FINANCE,125,0.0
N.Y.C. DEPT OF PROBATION,58,0.0
SEA GATE POLICE DEPT,30,0.0
NYC DEPT ENVIRONMENTAL PROTECTION,24,0.0
CONRAIL,19,0.0
NYS DEPT ENVIRONMENTAL CONSERVATION,1,0.0
