ky_cd,n_labels,labels
125,5,NYS LAWS-UNCLASSIFIED FELONY / OTHER STATE LAWS (NON PENAL LA / (null) / OTHER STATE LAWS / VEHICLE AND TRAFFIC LAWS
364,4,AGRICULTURE & MRKTS LAW-UNCLASSIFIED / OTHER STATE LAWS (NON PENAL LAW) / (null) / OTHER STATE LAWS (NON PENAL LA
124,4,(null) / KIDNAPPING / KIDNAPPING AND RELATED OFFENSES / KIDNAPPING & RELATED OFFENSES
343,4,THEFT OF SERVICES / OTHER OFFENSES RELATED TO THEF / (null) / OTHER OFFENSES RELATED TO THEFT
120,3,ENDAN WELFARE INCOMP / CHILD ABANDONMENT/NON SUPPORT 1 / CHILD ABANDONMENT/NON SUPPORT
116,3,(null) / FELONY SEX CRIMES / SEX CRIMES
107,2,(null) / BURGLARY
365,2,(null) / ADMINISTRATIVE CODE
117,2,DANGEROUS DRUGS / (null)
345,2,OFFENSES RELATED TO CHILDREN / ENDAN WELFARE INCOMP
230,2,JOSTLING / (null)
340,2,FRAUDS / (null)
236,2,(null) / DANGEROUS WEAPONS
358,2,(null) / OFFENSES INVOLVING FRAUD
106,2,(null) / FELONY ASSAULT
678,2,MISCELLANEOUS PENAL LAW / (null)
111,2,(null) / POSSESSION OF STOLEN PROPERTY
355,2,OFFENSES AGAINST THE PERSON / (null)
366,2,(null) / NEW YORK CITY HEALTH CODE
341,2,(null) / PETIT LARCENY
344,2,(null) / ASSAULT 3 & RELATED OFFENSES
363,2,(null) / OFFENSES AGAINST PUBLIC SAFETY
126,2,MISCELLANEOUS PENAL LAW / (null)
675,2,ADMINISTRATIVE CODE / (null)
233,2,(null) / SEX CRIMES
677,2,NYS LAWS-UNCLASSIFIED VIOLATION / OTHER STATE LAWS
237,2,(null) / ESCAPE 3
351,2,(null) / CRIMINAL MISCHIEF & RELATED OF
356,2,PROSTITUTION & RELATED OFFENSES / (null)
112,2,THEFT-FRAUD / (null)
360,2,(null) / LOITERING FOR DRUG PURPOSES
578,2,HARRASSMENT 2 / (null)
348,2,VEHICLE AND TRAFFIC LAWS / (null)
109,2,GRAND LARCENY / (null)
121,2,CRIMINAL MISCHIEF & RELATED OF / (null)
350,2,GAMBLING / (null)
347,2,(null) / INTOXICATED & IMPAIRED DRIVING
352,2,(null) / CRIMINAL TRESPASS
105,2,(null) / ROBBERY
232,2,POSSESSION OF STOLEN PROPERTY / (null)
361,2,(null) / OFF. AGNST PUB ORD SENSBLTY &
235,2,DANGEROUS DRUGS / (null)
359,2,(null) / OFFENSES AGAINST PUBLIC ADMINI
