lat,lon,n,boro,precinct,top_premise,pct_top_premise
40.750423,-73.98928,29322,MANHATTAN,14,DEPARTMENT STORE,80.0
40.679701,-73.776047,22894,QUEENS,113,AIRPORT TERMINAL,70.0
40.733729,-73.871197,13396,QUEENS,110,DEPARTMENT STORE,54.0
40.804008,-73.878333,12833,BRONX,41,OTHER,90.0
40.650466,-73.869986,9867,BROOKLYN,75,CHAIN STORE,42.0
40.822622,-73.930942,9503,BRONX,44,CHAIN STORE,46.0
40.873944,-73.908788,8573,BRONX,52,DEPARTMENT STORE,48.0
40.756259,-73.990501,8161,MANHATTAN,14,BUS TERMINAL,63.0
40.684454,-73.97775,7962,BROOKLYN,78,CHAIN STORE,37.0
40.804376,-73.93742,7673,MANHATTAN,25,TRANSIT - NYC SUBWAY,72.0
40.789593,-73.929984,7425,MANHATTAN,25,OTHER,37.0
40.710086,-74.010609,7306,MANHATTAN,1,DEPARTMENT STORE,78.0
40.808372,-73.946904,7173,MANHATTAN,28,DEPARTMENT STORE,21.0
40.757232,-73.989792,7057,MANHATTAN,14,TRANSIT - NYC SUBWAY,79.0
40.67136,-73.881811,6358,BROOKLYN,75,RESIDENCE - APT. HOUSE,40.0
40.576157,-73.975984,6276,BROOKLYN,60,PARK/PLAYGROUND,28.0
40.852004,-73.922496,6107,BRONX,46,RESIDENCE - APT. HOUSE,74.0
40.864393,-73.829709,6076,BRONX,45,DEPARTMENT STORE,52.0
40.757691,-73.834115,6015,QUEENS,109,DEPARTMENT STORE,46.0
40.749113,-73.986165,5979,MANHATTAN,14,CLOTHING/BOUTIQUE,49.0
40.756635,-73.98837,5938,MANHATTAN,14,STREET,21.0
40.690859,-73.985848,5924,BROOKLYN,84,DEPARTMENT STORE,69.0
40.829956,-73.936699,5889,MANHATTAN,32,RESIDENCE - PUBLIC HOUSING,92.0
40.823102,-73.86969,5853,BRONX,43,STREET,69.0
40.683291,-73.974852,5844,BROOKLYN,78,CHAIN STORE,22.0
40.610931,-73.920761,5490,BROOKLYN,63,DEPARTMENT STORE,60.0
40.816067,-73.917644,5482,BRONX,40,TRANSIT - NYC SUBWAY,63.0
40.78845,-73.939372,5429,MANHATTAN,23,RESIDENCE - PUBLIC HOUSING,97.0
40.756568,-73.875932,5417,QUEENS,115,RESIDENCE - APT. HOUSE,31.0
40.759861,-73.828967,5374,QUEENS,109,DEPARTMENT STORE,52.0
40.734434,-73.989904,5343,MANHATTAN,13,TRANSIT - NYC SUBWAY,85.0
40.756861,-73.875656,5323,QUEENS,115,AIRPORT TERMINAL,61.0
40.83089,-73.827284,5059,BRONX,45,STREET,50.0
40.671107,-73.881433,5024,BROOKLYN,75,STREET,72.0
40.734955,-73.874983,4989,QUEENS,110,DEPARTMENT STORE,78.0
40.582305,-74.169067,4928,STATEN ISLAND,122,DEPARTMENT STORE,25.0
40.753533,-73.994537,4926,MANHATTAN,14,TRANSIT - NYC SUBWAY,40.0
40.761865,-73.966355,4809,MANHATTAN,19,DEPARTMENT STORE,56.0
40.735027,-73.991235,4750,MANHATTAN,6,CHAIN STORE,28.0
40.837323,-73.919831,4674,BRONX,44,STREET,68.0
