ofns_desc,n,pct_no_coords
MURDER & NON-NEGL. MANSLAUGHTER,8284,1.1
GRAND LARCENY OF MOTOR VEHICLE,201767,0.1
PETIT LARCENY,1772206,0.0
HARRASSMENT 2,1359235,0.0
ASSAULT 3 & RELATED OFFENSES,1059220,0.0
CRIMINAL MISCHIEF & RELATED OF,952237,0.0
GRAND LARCENY,880071,0.0
DANGEROUS DRUGS,490641,0.0
OFF. AGNST PUB ORD SENSBLTY &,473080,0.0
FELONY ASSAULT,423210,0.0
ROBBERY,346607,0.0
BURGLARY,323118,0.0
MISCELLANEOUS PENAL LAW,272553,0.0
DANGEROUS WEAPONS,200150,0.0
VEHICLE AND TRAFFIC LAWS,186564,0.0
OFFENSES AGAINST PUBLIC ADMINI,175025,0.0
SEX CRIMES,131879,0.0
INTOXICATED & IMPAIRED DRIVING,112225,0.0
FORGERY,102252,0.0
CRIMINAL TRESPASS,96468,0.0
THEFT-FRAUD,93551,0.0
FRAUDS,57064,0.0
POSSESSION OF STOLEN PROPERTY,47238,0.0
OFFENSES INVOLVING FRAUD,37352,0.0
RAPE,30078,0.0
