report_year,same_year,prev_year,older,before_1990,no_occ_date
2006,519309,8652,2735,80,195
2007,525115,8613,2512,43,90
2008,518984,8272,2663,45,54
2009,502711,7977,2249,33,48
2010,501009,6788,1834,38,100
2011,489353,7253,1943,20,40
2012,494740,7683,1895,30,33
2013,487100,8370,1759,21,35
2014,482401,7118,1774,29,39
2015,468578,7976,2008,36,21
2016,468417,8449,2068,58,0
2017,458248,8378,2391,94,0
2018,453057,8481,2600,95,0
2019,451200,8304,2422,69,0
2020,405098,6570,1971,57,0
2021,440137,7337,2568,73,0
2022,520801,8472,2723,64,0
2023,543331,9038,2748,78,0
2024,565118,9111,2879,65,0
2025,567668,9074,2819,44,0
