ofns_desc,total,2006,2007,2008,2009,2010,2011,2012,2013,2014,2015,2016,2017,2018,2019,2020,2021,2022,2023,2024,2025
PETIT LARCENY,1772206,80379,80016,83096,80912,81317,81079,82855,85515,84998,81522,81201,83496,86364,89187,82008,87290,115630,110081,109799,105461
HARRASSMENT 2,1359235,68615,65155,61141,58579,57344,54232,57038,57617,61953,62136,65956,66544,70417,72022,66799,74827,83017,83954,85634,86255
ASSAULT 3 & RELATED OFFENSES,1059220,51570,51124,50294,50199,52609,50874,54436,53635,53736,52182,52410,51436,53106,52739,43381,48331,54946,58322,62992,60898
CRIMINAL MISCHIEF & RELATED OF,952237,52966,55863,56057,52126,50878,49314,47738,44177,47198,48829,48831,49311,47214,47148,47233,44735,44711,42339,39600,35969
GRAND LARCENY,880071,46565,44832,44219,39627,38116,38816,42853,45607,44186,44242,44493,43384,43777,43533,35738,41197,51820,50514,48445,48107
DANGEROUS DRUGS,490641,33565,39871,38642,39627,38919,38469,34675,29435,28800,23685,22650,21866,15197,13430,8221,7750,8672,13076,15280,18811
OFF. AGNST PUB ORD SENSBLTY &,473080,33824,33291,31287,31006,30278,28065,27382,27152,19883,20787,22755,21833,20673,19351,15580,17266,18549,17967,18254,17897
FELONY ASSAULT,423210,17036,17322,16282,16774,17064,18605,19504,20388,20279,20381,20923,20185,20385,20898,20779,23066,26201,27845,29452,29841
ROBBERY,346607,22961,21417,22406,18613,19547,19766,20192,19172,16569,16971,15533,14000,12966,13452,13160,13871,17440,16905,16574,15092
BURGLARY,323118,23072,21686,20728,19444,18699,18834,19262,17509,16845,15184,13043,12151,11784,10919,15600,12883,15825,13757,13067,12826
MISCELLANEOUS PENAL LAW,272553,9923,10582,11136,11626,11393,11426,12042,13119,13701,13461,13878,13279,13225,14261,12708,14474,15806,17527,19035,19951
GRAND LARCENY OF MOTOR VEHICLE,201767,15914,13155,12473,10661,10302,9292,8067,7377,7650,7325,6319,5660,5426,5420,9055,10409,13740,15797,14193,13532
DANGEROUS WEAPONS,200150,10462,12681,12902,14309,14129,13639,12112,11677,10767,10528,10469,8685,7889,6298,4896,5440,6811,8173,9157,9126
VEHICLE AND TRAFFIC LAWS,186564,5823,5520,5233,6176,6616,5812,5575,6101,5837,6274,6581,6460,6717,6782,6320,8380,13326,22934,24599,25498
OFFENSES AGAINST PUBLIC ADMINI,175025,5431,9609,10361,11209,11120,11062,10721,10700,10296,9395,8930,8000,7524,7624,5477,5730,6517,7181,8510,9628
SEX CRIMES,131879,5797,5370,5186,5373,5525,5634,5829,5108,5334,5697,6271,6799,7412,7312,5358,7057,8017,9188,9682,9930
INTOXICATED & IMPAIRED DRIVING,112225,6952,8640,8264,7692,6690,6028,6723,8239,7875,5933,5965,5651,4981,4366,2379,2577,2869,3382,3251,3768
FORGERY,102252,6382,5999,5081,4734,4769,3994,3811,4165,4713,5224,6290,5457,5208,4812,2108,4529,5716,5638,7042,6580
CRIMINAL TRESPASS,96468,6441,8033,8311,8565,7714,6826,5811,4987,5147,4327,3924,3598,3259,3041,2113,1912,2275,2458,3564,4162
THEFT-FRAUD,93551,5770,6044,7122,5486,5172,5744,6376,5233,4707,5073,4698,4520,4146,3804,2561,3761,3242,4280,2764,3048
FRAUDS,57064,2637,2575,3073,3093,3112,3182,3579,3376,3797,3578,3376,2832,2591,2161,1452,2571,1906,2834,2429,2910
POSSESSION OF STOLEN PROPERTY,47238,3049,2920,2826,2841,3087,3662,3365,3009,2521,2036,1683,1957,1752,1379,1136,1185,1630,2492,2600,2108
OFFENSES INVOLVING FRAUD,37352,1901,1797,1714,2059,2289,1972,1668,1529,1525,1176,1241,1161,1158,984,901,2563,3122,3392,3038,2162
RAPE,30078,1504,1343,1299,1207,1365,1410,1458,1380,1361,1436,1450,1477,1807,1763,1444,1496,1628,1452,1749,2049
OTHER OFFENSES RELATED TO THEFT,29534,0,0,0,0,0,0,0,0,0,0,0,0,0,0,0,0,0,0,13164,16370
UNAUTHORIZED USE OF A VEHICLE,29332,1315,1308,1169,1186,1295,1305,1419,1511,1721,1605,1809,1673,1633,1615,1481,1292,1431,1691,1591,1282
ADMINISTRATIVE CODE,27161,1147,1101,1149,1243,1127,1153,1145,1126,1097,1075,999,887,1021,1099,923,776,1156,1712,2388,4837
OFFENSES AGAINST THE PERSON,25455,1111,1283,1149,1125,1199,1202,1243,1370,1334,1289,1230,1349,1149,1261,873,1041,1166,1526,1831,1724
ARSON,20652,1620,1586,1814,1492,1485,1247,1243,1203,1191,1042,783,689,735,706,832,634,650,637,621,442
OTHER OFFENSES RELATED TO THEF,20122,485,651,754,885,964,918,1067,1133,1347,1519,1728,1511,1378,1285,627,626,714,2530,0,0
(null),18907,3611,2113,1715,1765,1999,1631,1641,1580,1502,1186,54,23,10,15,6,10,8,17,8,13
NYS LAWS-UNCLASSIFIED FELONY,9450,315,391,400,433,364,294,304,315,422,490,688,658,696,697,449,365,721,1448,0,0
MURDER & NON-NEGL. MANSLAUGHTER,8284,596,496,523,471,535,514,419,335,333,352,335,292,295,319,468,486,438,386,382,309
OTHER STATE LAWS (NON PENAL LA,8254,641,768,522,594,577,577,423,390,553,424,242,329,305,246,265,293,473,632,0,0
OTHER STATE LAWS,7335,21,42,20,22,40,18,20,14,19,12,19,12,12,11,10,8,83,192,2419,4341
BURGLAR'S TOOLS,5859,150,191,172,218,222,271,290,290,375,286,263,259,325,308,230,216,349,440,498,506
THEFT OF SERVICES,5068,0,11,32,40,321,303,588,570,444,469,486,345,378,430,109,130,178,234,0,0
GAMBLING,4226,171,236,200,204,191,152,190,132,184,343,268,246,151,280,113,123,164,212,232,434
FRAUDULENT ACCOSTING,3754,285,239,298,309,310,295,291,192,242,178,212,187,200,156,48,42,71,51,47,101
PETIT LARCENY OF MOTOR VEHICLE,3584,179,126,106,77,58,67,67,80,78,71,42,54,83,85,163,143,163,353,643,946
