borocode,official_name,alias
1,AVE OF THE AMERICAS,6 AVE
1,FRANKLIN D ROOSEVELT DR,FDR DR
1,MALCOLM X BLVD,LENOX AVE
1,ADAM CLAYTON POWELL JR BLVD,7 AVE
1,FREDERICK DOUGLASS BLVD,8 AVE
1,ED KOCH QUEENSBORO BRG,QUEENSBORO BRG
1,ED KOCH QUEENSBORO BRG,59 ST BRG
4,ED KOCH QUEENSBORO BRG,QUEENSBORO BRG
1,ROBERT F KENNEDY BRG,TRIBOROUGH BRG
2,ROBERT F KENNEDY BRG,TRIBOROUGH BRG
4,ROBERT F KENNEDY BRG,TRIBOROUGH BRG
3,BROOKLYN QUEENS EXPY,BQE
4,BROOKLYN QUEENS EXPY,BQE
4,LONG ISLAND EXPY,LIE
1,HENRY HUDSON PKWY,WEST SIDE HWY
1,JOE DIMAGGIO HWY,WEST SIDE HWY
2,CROSS BRONX EXPY,CBE
